request,intent
"request,intent",
"Ciao CADOCS, puoi dirmi quali community smells sono presenti nel repository LINK per favore?,0",
"Hey CADOCS, dire quali community smells sono presenti nel repository LINK?,0",
"CADOCS puoi dire quali community smells sono presenti nel LINK?,0",
"Vorrei sapere quali sono i community smells in questo LINK,0",
"Che cosa sono i community smells nel progetto LINK?"",0",
"C'è qualche odore community qui, LINK?,0",
"Cerca community smells in repository LINK,0",
"datemi il community smells in LINK,0",
"CADOCS, puoi dirmi quali community smells sono presenti nel progetto LINK per favore?,0",
"Ehi! Community smells su LINK?,0",
"Hey CADOCS potrebbe dirmi quale community smells sono nel progetto LINK?,0",
"Ciao, puoi dirmi il community smells presente nel progetto LINK?,0",
"Ciao CASOCS, puoi dirmi quali sono i community smells nel progetto LINK?,0",
"Può elencarmi il community smells nel repository LINK?,0",
"Ehi, quali sono i community in questo LINK repository?,0",
"CADOCS, mostrami il community smells presente in repository LINK,0",
"Vorrei capire perché i collaboratori di LINK non funzionano bene,0",
"CAD mostrami il community smells in questo LINK pronti contro termine,0",
"Hey Cadocs, quali sono i community smells nel progetto LINK?,0",
"CADOCS, quali community smells sono presenti qui LINK?,0",
"Hi CADOCS, find community smells nel progetto LINK,0",
"Dimmi tutto il community smells in questo REVA LINK,0",
"hello, what are the main community smells in the LINK project?,0",
"Ehi, puoi scansionare questo LINK per me?,0",
"Hey CADOCS, che community smells sono nel progetto LINK?,0",
"CADOCS, cercare smells nel regolamento di riacquisto LINK,0",
"Hi, quali sono i community smells nel progetto LINK,0",
"Hey CADOCS, puoi dire quali community smells sono presenti nel repository LINK per favore?,0",
"Hi CADOCS, che community sono presenti in questo repository LINK?,0",
"Ciao, sai cosa sono i community smells in LINK repo?,0",
"Ciao, ci sono community smells nel progetto LINK??,0",
"Hey CADOCS, quali sono i community smells nel repository LINK per favore?,0",
"Ciao CADOCS, puoi dire quali community smells sono presenti nel repository LINK per favore?,0",
"Hey CADOCS, puoi controllare se il repository di questo LINK ha community smells per favore?,0",
"Hi CADOCS, potresti controllare quali community smells sono presenti nel progetto LINK?,0",
"Che cosa sono i community smells nel progetto LINK?,0",
"Salve CADOCS, dite a quali community smells sono presenti nel repository LINK dopo il 21/03/2019?,1",
"Hey CADOCS, dire quali community smells sono presenti nel repository LINK dopo il 03/23/2019,1",
"CADOCS puoi dire quali community smells sono presenti nel repository LINK dopo il 01/16/2028?,1",
"Vorrei sapere che cosa ha mangiato il community smells in questo LINK pronti contro termine a partire da questa data MM/GG/AAAA,1",
"Comunità smells nel progetto LINK dal 27/04/2022?,1",
"CADOCS puoi controllare community smells in LINK a partire dal 18/04/2010?,1",
"Cerca community smells in repository LINK dopo il 12/19/2021,1",
"mi dia il community smells in LINK da on,1",
"Puoi dirmi quale community smells sono presenti nel LINK repo dopo il 30/03/2021?,1",
"Ehi! Comunità smells su LINK a partire dal 01/01/2020?,1",
"Hey CADOCS, puoi dire quali community smells sono presenti nel repository LINK dopo il 04/12/2016?,1",
"Ciao, puoi dirmi il community smells presente nel progetto LINK prima del 07/07/2021?,1",
"Ciao CADOCS, puoi dirmi cosa community smells ci sono nel progetto LINK a partire dal 06/09/2020?,1",
"Elencami il community smells in LINK a partire dal 03/03/2020,1",
"CADOCS, puoi dirmi quali community smells sono presenti in questo repository LINK dopo il 05/01/2020?,1",
"CADOCS, shoebke il community smells presente in repository LINK dopo il 12/19/2021,1",
"Dal 23 giugno 2020 il team di LINK si comporta in modo strano. Perché?,1",
"CAD mostrami il community smells in questo LINK repo a partire da MM/DD/AAAA,1",
"hey cadocs, quali sono i community smells nel progetto LINK dal 12/19/2021?,1",
"CADOCS, che community smells sono presenti qui LINK dopo il 03/07/2022,1",
"Hi CADOCS, ci sono community smells nel progetto LINK a partire dall'11/11/2011?,1",
"Trova tutti i community smells di questo LINK pronti contro termine dal 05/05/2021,1",
"Ciao CADOCS, che sono i principali community smells nel progetto LINK dopo 07/06/2020?,1",
"Ciao, quali sono i smells in questo repository LINK a partire dal 05/06/2017?,1",
"Hey CADOCS, che community smells sono nel progetto LINK Dopo 10/10/2020?,1",
"CADOCS, cercare smells nel pronti contro termine LINK dopo il 08/08/2018,1",
"ciao, quali sono i community smells nel progetto LINK a partire dal 12/19/2021??,1",
"Ciao, quali sono i community smells nel progetto LINK a partire dal 12/19/2021?,1",
"Hi CADOCS strega community smells sono in questo repository LINK dal 05/06/2022,1",
"Ciao, ho bisogno di tutti i community smells nel progetto LINK dopo il 31/12/2000,1",
"Puoi dire quali community smells sono presenti nel repository LINK defore 03/23/2020?,1",
"Hey CADOCS, quali sono i community smells nel progetto repository LINK a partire dal 26/11/1999?,1",
"Ciao, cosa sono i community smells nella data del progetto LINK 12/12/20? Grazie in anticipo,1",
"Hey CADOCS, puoi controllare se il repository di questo LINK ha community smells, a partire dal 01/05/2020 per favore?1,1",
"Hi CADOCS, potresti controllare quali smells del community sono presenti nel progetto LINK a partire dal 22/02/2020,1",
"Che cosa sono i community smells nel progetto LINK dopo il 03/04/2020?,1",
"Salve CADOCS, ho bisogno di un report della vostra ultima esecuzione,2",
"Hey CADOCS, dammi un report della tua ultima esecuzione,2",
"Ho bisogno di un report sulla tua ultima esecuzione, puoi darmelo?,2",
"mostra un report sull'ultima esecuzione,2",
"Ho bisogno di un report dell'ultima esecuzione,2",
"Illustratemi l'ultima esecuzione di report,2",
"Datemi l'ultima esecuzione report,2",
"datemi un report sull'ultima esecuzione,2",
"CADOCS, puoi generarmi un report della tua ultima esecuzione?,2",
"Ehi! Ultima esecuzione?,2",
"Ciao, puoi mostrarmi le informazioni sulla tua ultima esecuzione, per favore?,2",
"Dammi la documentazione della tua ultima esecuzione, per favore.",
"Vi prego di mostrarmi un report della vostra ultima esecuzione.,2",
"Dammi il report della tua ultima esecuzione,2",
"CADOCS, mostrami le informazioni sulla tua ultima esecuzione,2",
"CADOCS, mostrami i risultati della tua ultima esecuzione,2",
"Potresti farmi un riassunto di quello che hai fatto l'ultima volta?,2",
"CAD i vuole un report di ultima esecuzione,2",
"Ehi, cadocs, fammi vedere la tua ultima esecuzione.",
"Mostrami informazioni sulla tua ultima esecuzione,2",
"Ciao CADOCS, mostrami il report della tua ultima esecuzione,2",
"Dammi il report dell'ultima esecuzione,2",
"Mostra mrth ultima esecuzione,2",
"Mostrami il tuo ultimo rilevamento dell'odore, 2",
"Hey CADOCS, report la tua ultima esecuzione,2",
"CADOCS, report,2",
"Ciao, fammi vedere le informazioni sulla tua ultima esecuzione.",
"Ho bisogno di un report se la vostra ultima esecuzione per favore,2",
"Hi CADOCS datemi il report dell'ultima esecuzione,2",
"Ciao, mostrami l'ultima esecuzione report,2",
"Io... dimmi qualcosa sulla tua ultima esecuzione, 2.",
"Hey CADOCS, ho bisogno di un report della vostra ultima esecuzione per favore,2",
"Salve, ho bisogno di un report della vostra ultima esecuzione del compito. Grazie in anticipo,2",
"Hello CADOCS, please give me a report about your last execution!,2",
"Potresti darmi un report sulla tua ultima esecuzione?,2",
Mi dia un'esecuzione della sua signora.,
"Ciao CADOCS, che tipo di community smells riesci a rilevare?,3",
"Hey CADOCS, che tipo di community smells riesci a rilevare?,3",
"CADOCS i wanna know what kind of community smells you can detect?,3",
"Voglio saperne di più su community smells rilevato,3",
"Che cosa community smells potete rilevare?,3",
"Che cosa potete rilevare circa community smells?,3",
"Datemi community smells rilevato,3",
"che cosa puoi fare?,3",
"CADOS! Puoi darmi maggiori informazioni sul community smells che puoi rilevare?,3",
"Ehi! Che cosa sono i community smells si rileva?,3",
"Hey CADOCS, in quale campo agisci?,3",
"Hey CADOCS potete dirmi di più sul community smells potete rilevare?,3",
"Ciao, cosa community smells riesci a trovare?,3",
"CADOCS che tipo di community smells potete rilevare?,3",
"CADOCS, che cosa community smells potete rilevare?,3",
"Cosa sono questi community smells? Come ho trovato di più su community smells? Cosa puoi fare per me?,3",
"CAD i desidera maggiori informazioni su community smells trovato,3",
"Hey cadocs, parlami del tuo community smells.,3",
"Hi CADOCS, quale community smells siete in grado di rilevare?,3",
"Che tipo di community smells riesci a rilevare?,3",
"Quale tipo di community smells è in grado di rilevare?,3",
"Dimmi di più su community smells,3",
"Hey CADOCS, dimmi di più su community smells,3",
"CADOCS whay kind of smells you can detect?,3",
"hey CADOCS voglio saperne di più su community smells,3",
"Che tipo di community smells riesci a rilevare?,3",
"Hi CADOCS mostrami tutti i tipi di community che si rileva,3",
"Ciao, sai cosa sono community smells?,3",
"hey CADOCS dimmi qualcosa su community smells,3",
"Hey CADOCS, che tipo di community smells riesci a rilevare?,3",
"Voglio saperne di più su community smells, sembra interessante,3",
"hey CADOCS, puoi mostrarmi alcune informazioni su community smells che puoi rilevare?,3",
"Potrebbe dirmi di più su community smells e su quali è possibile rilevare?,3",
"CADOCS, Che cosa community smells avete rilevato?,3",
"Ciao CADOCS, puoi dirmi cosa community smells sono presenti nel repository LINK per favore?,0",
"C'è qualche odore community qui, LINK?,0",
"il community smells nel repository LINK,0",
"CADOCS, puoi dirmi cosa community smells sono presenti nel progetto LINK per favore?,0",
"Hey! what smells on LINK?,0",
"Hey CADOCS potresti dirmi cosa community smells sono nel progetto LINK?,0",
"Puoi elencare tutti i community smells nel repository LINK?,0",
"CADOCS, dimmi il community smells presente in repository LINK,0",
"Vorrei sapere perché i collaboratori di LINK non funzionano bene,0",
"Vorrei capire perché i collaboratori di LINK non funzionano bene,0",
"mi piace capire perché i collaboratori di LINK non funzionano bene,0",
"Hey CADOCS, what community smells are in the LINK project?,0",
"Hi CADOCS, potete controllare quali community smells sono presenti nel progetto LINK?,0",
"Hi CADOCS, potresti controllare se community smells sono presenti nel progetto LINK?,0",
"Hello CADOCS, you know which community smells are present in the repository LINK after 03/21/2019?,1",
"Hello CADOCS, you tell me community smells are present in the repository LINK after 03/21/2019?,1",
"i would to know what ate lier community smells in this repo LINK a partire da questa data MM/DD/AAAA,1",
"Vorrei sapere che cosa ha mangiato il community smells in questo LINK pronti contro termine a partire dalla data MM/GG/AAAA,1",
"Elenco dei community smells in LINK a partire dal 03/03/2020,1",
"Dal 23 giugno 2020 il team di LINK si comporta in modo strano. Perché?,1",
"CADOCS, che community smells sono presenti qui LINK al 03/07/2022,1",
"Ciao, quali sono i smells nel repository LINK a partire dal 05/06/2017?,1",
"Hi CADOCS strega community smells sono nel repository LINK dal 05/06/2022,1",
"Hey CADOCS, puoi controllare se il repository di questo LINK ha community smells, a partire dal 01/05/2020 per favore?1,1",
"CADOCS, puoi generare per me un report della tua ultima esecuzione?,2",
"Potresti darmi un riassunto di quello che hai fatto l'ultima volta?,2",
"Ehi, cadocs, parlami della tua ultima esecuzione.",
"Hi CADOCS, mostrami il report dell'ultima esecuzione,2",
"Ho bisogno di report se la vostra ultima esecuzione per favore,2",
"CADOS! Puoi darmi maggiori informazioni sul community smells che posso rilevare?,3",
"Che cosa sono questi community smells? Come ho scoperto su community smells? Cosa puoi fare per me?,3",
"Cosa sono questi community smells? Come ho trovato di più su community smells? Cosa puoi fare per me?,3",
"Hi CADOCS, che cosa community smells siete in grado di rilevare?,3",
"che tipo di community smells potete rilevare?,3",
"CADOCS che tipo di smells si può rilevare?,3",
"Hi CADOCS mostrami che tipo di community si rileva,3",
"Potrebbe dirmi di più su community smells e su quelli che può rilevare?,3",
"Puoi dirmi di più su community smells e quali puoi rilevare?,3",
"Ciao CADOCS, puoi dirmi quali community smells sono presenti nel repository LINK per favore?,0",
"Ciao CADOCS, puoi dirmi quale community smells che sono presenti nel repository LINK per favore?,0",
"CADOCS può aiutarti a dire quali community smells sono presenti nel LINK?,0",
"CADOCS puoi dire quale community smells che sono presenti nel LINK?,0",
"Vorrei sapere cosa sono tutti i community smells in questo LINK,0",
"Come sono i community smells nel progetto LINK?"",0",
"dimmi cosa community smells in LINK,0",
"CADOCS, puoi aiutarmi a dirmi quali community smells sono presenti nel progetto LINK per favore?,0",
"CADOCS, puoi dirmi quali community smells sono presenti nel progetto LINK per favore?,0",
"CADOCS, puoi dirmi quale community smells sono presenti nel progetto LINK per favore?,0",
"Hey CADOCS potrebbe aiutarmi a dirmi quali community smells sono nel progetto LINK?,0",
"Hey CADOCS potrebbe dirmi quali community smells sono nel progetto LINK?,0",
"Ciao CASOCS, puoi dirmi che cosa sono i community smells nel progetto LINK?,0",
"CADOCS, mostrami il community smells presente in repository LINK,0",
"CADOCS, mostrami il community smells presente in repository LINK,0",
"Vorrei capire perché i collaboratori di LINK non funzionano bene,0",
"Vorrei che capissi perché i collaboratori di LINK non funzionano bene,0",
"CAD mostrami come il community smells in questo LINK repo,0",
"CADOCS, che i community smells sono presenti qui LINK?,0",
"Dimmi che cosa tutti i community smells in questo REVA LINK,0",
"Hi, quali sono tutti i community smells nel progetto LINK,0",
"Hey CADOCS, puoi dire quale community smells che sono presenti nel repository LINK per favore?,0",
"Hey CADOCS, come puoi dire quali community smells sono presenti nel repository LINK per favore?,0",
"Ciao, sai cosa sono i community smells come in LINK repo?,0",
"Hey CADOCS, che cosa sono tutti i community smells nel repository LINK per favore?,0",
"Ciao CADOCS, puoi dirmi quali community smells sono presenti nel repository LINK per favore?,0",
"Ciao CADOCS, puoi dire quale community smells che sono presenti nel repository LINK per favore?,0",
"Hi CADOCS, potresti controllare quali community smells sono presenti nel progetto LINK?,0",
"Hi CADOCS, potresti controllare quale community smells sono presenti nel progetto LINK?,0",
"Hi CADOCS, potresti controllare quali community smells sono presenti nel progetto LINK?,0",
"Come sono i community smells nel progetto LINK?,0",
"Ciao CADOCS, puoi dire quali community smells sono presenti nel repository LINK dopo il 21/03/2019?,1",
"Ciao CADOCS, puoi dire quali community smells sono presenti nel repository LINK dopo il 21/03/2019?,1",
"CADOCS può aiutarti a dire quali community smells sono presenti nel repository LINK dopo il 01/16/2028?,1",
"CADOCS puoi dire quale community smells che sono presenti nel repository LINK dopo il 01/16/2028?,1",
"Vorrei sapere cosa ha mangiato il community smells come in questo LINK repo a partire da questa data MM/DD/AAAA,1",
"CADOCS può aiutarti a controllare community smells in LINK a partire dal 18/04/2010?,1",
"mi dia da che cosa il community smells in LINK da,1",
"Puoi dirmi quale community smells sono presenti nel REV LINK dopo il 30/03/2021?,1",
"Puoi dirmi quale community smells che sono presenti nel REV LINK dopo il 30/03/2021?,1",
"Hey CADOCS, puoi dire quale community smells che sono presenti nel repository LINK dopo il 04/12/2016?,1",
"Hey CADOCS, come si può dire quali community smells sono presenti nel repository LINK dopo il 04/12/2016?,1",
"CADOCS, puoi aiutarmi a dirmi quali community smells sono presenti in questo repository LINK dopo il 05/01/2020?,1",
"CADOCS, puoi dirmi quali community smells sono presenti in questo repository LINK dopo il 05/01/2020?,1",
"CADOCS, puoi dirmi quale community smells che sono presenti in questo repository LINK dopo il 05/01/2020?,1",
"Hi CADOCS, ci sono community smells nel progetto LINK a partire dal 11/11/2011?,1",
"Scopri tutti i community smells di questo LINK pronti contro termine dal 05/05/2021,1",
"Ciao, cosa sono tutti i smells in questo repository LINK a partire dal 05/06/2017?,1",
"Ciao, ho bisogno di tutti i community smells nel progetto LINK dopo il 31/12/2000,1",
"Puoi dire a quale community smells che sono presenti nel repository LINK defore 03/23/2020?,1",
"Ciao, cosa sono tutti i community smells nella data del progetto LINK 12/12/20? Grazie in anticipo,1",
"Ho bisogno di un report per la tua ultima esecuzione, puoi darmelo per favore?,2",
"CADOCS, puoi generarmi un report della tua ultima esecuzione?,2",
"Ciao, puoi mostrarmi le informazioni sulla tua ultima esecuzione, per favore?,2",
"Ciao, puoi mostrarmi tutte le informazioni sulla tua ultima esecuzione, per favore?2",
"Vi prego di mostrarmi un report della vostra ultima esecuzione.,2",
"Dammi il report della tua ultima esecuzione,2",
"CADOCS, mostrami le informazioni sulla tua ultima esecuzione,2",
"CADOCS, mostrami tutte le informazioni sulla tua ultima esecuzione,2",
"CADOCS, mostrami i risultati della tua ultima esecuzione,2",
"CADOCS, mostrami tutti i risultati della tua ultima esecuzione,2",
"CADOCS, mostrami i risultati della tua ultima esecuzione,2",
"Potresti farmi un riassunto di quello che hai fatto l'ultima volta?,2",
"Potresti farmi un riassunto di quello che hai fatto l'ultima volta?,2",
"Potresti farmi un riassunto di quello che hai fatto l'ultima volta?,2",
"Ciao CADOCS, per favore mostrami il report della tua ultima esecuzione,2",
"Ciao CADOCS, mostrami il report della tua ultima esecuzione,2",
"Datemi il report dell'ultima esecuzione,2",
"Hey CADOCS, report sulla tua ultima esecuzione,2",
"Ciao, per favore mostrami le informazioni sulla tua ultima esecuzione.2",
"Ho bisogno di un report se non la vostra ultima esecuzione per favore,2",
"Hi CADOCS datemi il report dell'ultima esecuzione,2",
"Hey CADOCS, ho bisogno di voi un report della vostra ultima esecuzione per favore,2",
"Salve, ho bisogno di un report del vostro ultimo compito in esecuzione. Grazie in anticipo,2",
"Potresti darmi un report sulla tua ultima esecuzione?,2",
"CADOCS voglio sapere che tipo di community smells riesci a rilevare?,3",
"Voglio saperne di più su come è stato rilevato community smells,3",
"Voglio che tu sappia di più su community smells rilevato,3",
"Che cosa community smells può aiutarla a rilevare?,3",
"cosa puoi fare?,3",
"CADOS! Potete darmi maggiori informazioni sul community smells in modo che possiate rilevare?,3",
"CADOS! Puoi darmi maggiori informazioni sul community smells che solo tu puoi rilevare?,3",
"CADOS! Potete darmi maggiori informazioni sul community smells che potete rilevare?,3",
"Ehi! Che cosa sono i community smells che si possono rilevare?,3",
"Hey CADOCS può aiutarmi a dirmi di più sul community smells si può rilevare?,3",
"Hey CADOCS puoi dirmi di più sul community smells che puoi rilevare?,3",
"CADOCS che tipo di community smells può aiutarti a rilevare?,3",
"Che cosa sono tutti questi community smells? Come ho trovato di più su community smells? Cosa puoi fare per me?,3",
"Cosa sono questi community smells? Come ho trovato ulteriori informazioni su community smells? Cosa puoi fare per me?,3",
"Cosa sono questi community smells? Come faccio a saperne di più su community smells? Cosa puoi fare per me?,3",
"Cosa sono questi community smells? E come ho trovato di più su community smells? Cosa puoi fare per me?,3",
"CAD i vuole ulteriori informazioni su community smells trovato,3",
"Che tipo di community smells può aiutarti a rilevare?,3",
"Quale tipo di community smells può aiutarti a rilevare?,3",
"Dimmi di più su community smells,3",
"CADOCS whay che tipo di smells si può rilevare?,3",
"hey CADOCS voglio saperne di più su community smells,3",
"Che tipo di community smells può aiutarti a rilevare?,3",
"Voglio saperne di più su community smells, sembra interessante,3",
"hey CADOCS, puoi mostrarmi alcune informazioni su community smells che puoi rilevare?,3",
"hey CADOCS, potete mostrarmi alcune informazioni su community smells in modo che possiate rilevare?,3",
"hey CADOCS, puoi mostrarmi alcune informazioni su community smells che solo tu puoi rilevare?,3",
"Potrebbe dirmi di più su community smells e su quali note?,3",
"Potrebbe dirmi qualcosa di più su community smells e su quali è possibile rilevare?,3",
"Ciao CADOCS, puoi dirmi quali community smells sono presenti ne repository LINK per favore?,0",
"Hey CADOCS, dire quali community smells sono presenti nel repository LINK?,0",
"CADOCS puoi dire quale community smells sono présent nel LINK?,0",
"Vorrei sapere cosa sono i community smells in questo LINK,0",
"Che cos'è community smells nel progetto LINK? "",0",
"Ci sono odore community [[Hier, LINK?,0",
"Cerca community smells in Athe repository LINK,0",
"datemi il community smells ein LINK,0",
"CADOCS, puoi dirmi quali community smells sono presenti nel progetto LINK per favore?,0",
"Community smells su LINK?,0",
"Hey CADOCS potresti dirmi quale comunità smells sono nel progetto LINK?,0",
"Ciao, bastone mi dici per favore il community smells presente nel progetto LINK?,0",
"Ciao CASOCS, puoi dirmi cosa sono community smells nel progetto LINK?,0",
"Può elencarmi il community smells nel repository LINK?,0",
"Ehi, che cosa sono i community in questo LINK repository?,0",
"CADOCS, mostrami il community smells presente in repository LINK,0",
"I'm like to understand why contributors of LINK don't work well,0",
"CAD mostrami la comunità smells in questo LINK pronti contro termine,0",
"Hey Cadocs, che sono ttt community smells nel progetto LINK?,0",
"CADOCS, whice community smells sono presenti qui LINK?,0",
"Ciao CADOCS, trova comunnity smells nel progetto LINK,0",
"Dimmi tutto quanto community smells in questo LINK pronti contro termine,0",
"Ciao, quali sono i principali community smells nel progetto LINK?,0",
"Ehi, puoi scansionare yoll'll LINK per me?,0",
"Hey CADOCS, [[wich community smells sono nel progetto LINK?,0",
"CADOCS, cerca [[por smells nel RAP LINK,0",
"Hi, quali sono i community smells nel progetto LINK,0",
"Hey CADOCS, puoi dire quale community smells sono present nel repository LINK per favore?,0",
"Mi CADOCS, che community sono presenti in questo repository LINK?,0",
"Ciao, sai che cosa sono la Comunità smells in LINK repo?,0",
"Ciao, ci sono community smells nel LINK Proyect??,0",
"Hey CADOCS, quali sono le strisce community nel repository LINK per favore?,0",
"Ciao CADOCS, puoi dire quali community sono presenti nel repository LINK per favore?,0",
"Hey CADOCS, potete controllare se il repository in questo LINK hs community smells per favore?,0",
"Ciao CADOCS, potresti controllare quali piccole community sono presenti nel progetto LINK?,0",
"Quali sono i community smells nel progetto LINK?,0",
"Salve CADOCS, dite a Wihch community smells che sono presenti nel repository LINK dopo 03 / 21 / 2019?,1",
"Ehy CADOCS, dire quali community smells sono presenti nel repository LINK dopo 03 / 23 / 2019,1",
"CADOCS puoi dire quali community smells sono presenti nel 5° repository LINK dopo 01 / 16 / 2028?,1",
"Vorrei sapere cosa ha mangiato il community smells in questo LINK repo a partire da questa data MM / DD / AAAA,1",
"Community smells nel progetto LINK dal 27° / 04 / 2022?,1",
"CADOCS puoi pulcino community smells in LINK a partire dal 18 / 04 / 2010?,1",
"Ricerca Comunità smells nel repository LINK dopo 12 / 19 / 2021,1",
mi dia la Comunità smells in LINK dall'1,
"Puoi dirmi quale community smells sono prese in considerazione nel REV LINK dopo il 03 / 30 / 2021?,1",
"Ehi! Community smells oon LINK a partire da 01 / 01 / 2020?,1",
"Hey CADOCS, cah dire quali community smells sono presenti nel repository LINK dopo 04 / 12 / 2016?,1",
"Ciao, ypu puoi dirmi il community smells presente nel progetto LINK prima 07 / 07 / 2021?,1",
"Ciao CADOCS, puoi dirmi cosa community smells sono Thare nel progetto LINK a partire dal 06 / 09 / 2020?,1",
"Elencami il community smells in LINK a partire da 03 / 03 / 2020,1",
"CADOCS, puoi dirmi quale community sono presenti in questo repository LINK dopo il 05 / 01 / 2020?,1",
"CADOCS, shoebke la comunità smells presente in repository LINK dopo 12 / 19 / 2021,1",
"Dal 23 giugno 2020 il team di LINK si comporta in modo strano. Perché?,1",
"CAD mostrami la communit smells in questo repo LINK a partire da MM / DD / AAAA,1",
"hey cadocs, quali sono i community smells nel progetto LINK dal 20 / 19 / 2021?,1",
"CADOCS, che community smells sono presenti audizione LINK dopo il 03 / 07 / 2022,1",
"Ciao CADOCS, c'è qualche odore community nel progetto LINK a partire da 11 / 11 / 2011?,1",
"Trovare tutti quindi community smells di questo LINK pronti contro termine dal 05 / 05 / 2021,1",
"Ciao CADOCS, quali sono le mine community smells nel progetto LINK dopo il 07 / 06 / 2020?,1",
"Hiii, quali sono i smells in questo repository LINK a partire dal 05 / 06 / 2017?,1",
"Hey CADOCS, che community smells sono nel loro progetto LINK Dopo 10/10 / 2020?,1",
"CADOCS, cercare smells nel sistema di pronti contro termine LINK dopo 08 / 08 / 2018,1",
"Ciao, quali sono le maglie community nel progetto LINK a partire dal 12 / 19 / 2021??,1",
"Ciao, che cosa sono i community smells del progetto LINK a partire dal 12 / 19 / 2021?,1",
"Hi CADOCS strega community smells sono in questo modo repository LINK dal 05 / 06 / 2022,1",
"Ciao, ho bisogno di tutti i community nel progetto LINK dopo 31/12 / 2000,1",
"Puoi dire quali strisce community sono presenti nel repository LINK defore 03 / 23 / 2020?,1",
"Hey CADOCS, che cosa sono i thar community smells nel progetto repository LINK a partire dal 26 / 11 / 1999?,1",
"Pronto, cosa sono community smells nella data del progetto LINK 12/12/20? Grazie in anticipo,1",
"Hey CADOCS, puoi controllare se questo repository in questo LINK ha community smells, a partire da 01 / 05 / 2020 per favore?,1",
"Hi CADOCS, potresti controllare quali strisce del community sono presenti nel progetto LINK a partire dal 22 / 02 / 2020,1",
"Che cosa sono i community smells ii il progetto LINK dopo 03/04 / 2020?,1",
"Hello CADOCS, J need a report of your last execution,2",
"Hey CADOCS, datemi un report dell'ultima esecuzione,2",
"Ho bisogno di un report sulla tua ultima esecuzione, puoi darmelo?,2",
"mostra a report annullare l'ultima esecuzione,2",
"Ho bisogno di un report dell'ultima esecuzione,2",
"Illustratemi l' ultima esecuzione's repot,2",
"Gvie me last execution's report,2",
"dare un report circa l'ultima esecuzione,2",
"CADOCS, puoi generarmi un report dell'ultima esecuzione?,2",
"Ultima esecuzione?,2",
"Ciao, puoi mostrare a MY le informazioni sulla tua ultima esecuzione, per favore?2",
"Dammi la documentazione della tua ultima esecuzione, pls., 2",
"Per favore, fatemi un esame della vostra ultima esecuzione.2",
"Dammi il report della tua ultima esecuzione,2",
"CADOCS, mostrami le informazioni sulla tua ultima esecuzione,2",
"CADOCS, mostrami i risultati dell'ultima esecuzione,2",
"Potresti farmi un riassunto di quello che hai fatto l'ultimo timt?,2",
"CAD voglio uno stupro di ultima esecuzione, 2",
"hey cadocs, mostrami della tua ultima esecuzione.,2",
"Mostra le mie informazioni sulla tua ultima esecuzione,2",
"Ciao CADOCS, mostrami il report della tua ultima esecuzione,2",
"Dammi il raport dell'ultima esecuzione, 2.",
"Mostra l'esecuzione persa,2",
"Mostrami il tuo ultimo rilevamento dell'odore, 2.",
"Lui CADOCS, report la tua ultima esecuzione,2",
"CADOCS, reporte,2",
"Ciao, fammi vedere le informazioni sull'ultima esecuzione di Yoir.",
"Ho bisogno di un report se la vostra esecuzione finale per favore,2",
"Hi CADOCS dare I il report dell'ultima esecuzione,2",
"Hy!, mostrami l'ultima esecuzione report,2",
"Io... dimmi qualcosa sul tour dell'ultima esecuzione, 2.",
"Hey CADOCS, ho bisogno di un report della vostra ultima esecuzione plese,2",
"Salve, ho bisogno di un report della vostra ultima esecuzione del compito. Grazie in anticipo,2",
"Hello CADOCS, please give me a report aboth your last execution!,2",
"Potresti darmi un report sulla tua pigra esecuzione?,2",
"Date al mio un report della vostra esecuzione lady.,2",
"Ciao CADOCS, che tipo di community smells può rilevare?,3",
"Hey CADOCS, che tipo di community smells puoi rilevare?,3",
"CADOCS i wanna know what kind of community smells you can detect?,3",
"Voglio saperne di più su community smells rilevato,3",
"Quale comunità smells potete rilevare?,3",
"Che cosa si può rilevare abuot community smells?,3",
"Dammi community smells deluso,3",
"che cosa potete fare?,3",
"CADOS! Puoi darmi più informazioni sul community smells che puoi rilevare?,3",
"Ehi! Che cosa sono athe community smells che rilevate?,3",
"Hey CADOCS, in quale campo fate etc?,3",
"Hey CADOCS puoi dirmi di più sul community smells che puoi rilevare?,3",
"Ciao, che cos'è community?,3",
"CADOCS quale gentilezza di community smells potete rilevare?,3",
"CADOCS, wath's community smells potete rilevare?,3",
"Cosa sono questi community? Come ho trovato di più su community smells? Cosa puoi fare per me?,3",
"CAD in desidera maggiori informazioni su community smells trovato,3",
"Lui cadocs, parlami del tuo community smells.,3",
"Hi CADOCS, quale community smells è in grado di rilevare?,3",
"Che tipo di odore community si può rilevare?,3",
"Quale parente di community smells puoi rilevare?,3",
"Dimmi di più Abut community smells,3",
"Hey CADOCS, dimmi di più su communit smells,3",
"CADOCS whay kinf of smells you can detect?,3",
"hey CADOCS voglio saperne di più su community smels,3",
"Che tipo di bastone community smells si rileva?,3",
"Hi CADOCS mi mostrano tutti i tipi di comunità che si rileva, (3)",
"Ciao, lo sai che vuoi sono community smells?,3",
"hey CADOCS Telme somethings about community smells,3",
"Hey CADOCS, che tipo di Smeels community potete rilevare?,3",
"Voglio saperne di più su community smells, non mi sembra interessante,3",
"loro CADOCS, puoi mostrarmi alcune informazioni su community smells che puoi rilevare?,3",
"Potrebbe dirmi di più su community smells e su quelli delle streghe che può rilevare?,3",
"CADOCS, Wht community smells avete rilevato?,3",
"Ciao CADOCS, puoi dirmi whah community smells sono presenti nel repository LINK per favore?,0",
"c'è qualche odore community qui, LINK?,0",
"community smells nel repository LINK,0",
"CADOCS, puoi dirmi cosa community smells'sono presenti nel progetto LINK per favore?,0",
"Ehi! che goffaggini su LINK?,0",
"Hey CADOCS potrebbe dirmi che cosa Comunità smells sono nel progetto LINK?,0",
"Kan elenca tutti i community smells nel repository LINK?,0",
"CADOCS, dimmi community smells preinviato in repository LINK,0",
"I'd like to khow why contributors of LINK don't work well,0",
"Mi piace capire perché i collaboratori di LINK don' th funzionano bene,0",
"Mi piace capire perché i contributori di LINK don' t erba bene,0",
"Hey CADOCS, quale communit smells è presente nel progetto LINK?,0",
"Hi CADOCS, potete controllare quali community smells sono presenti nel progetto LINK?,0",
"Hi CADOCS, cuold si verifica se community smells sono presenti nel progetto LINK?,0",
"Hello CADOCS, you know which community smells are present in the repository LINK after 03 / 21th / 2019?,1",
"Hello CADOCS, you tell me community smells are present in the repository LINK afeter 03 / 21 / 2019?,1",
"i want to know what ate lier community smells in this repo LINK a partire dalla data htis MM / DD / AAAA,1",
"Vorrei sapere cosa ha mangiato la Comunità smells in questo LINK pronti contro termine a partire dalla data MM / DD / AAAA,1",
"in desidera sapere chi ha mangiato il community smells in questo LINK repo a partire da questa data MM / DD / AAAA,1",
"Elenco dei community smells nel modulo LINK che inizia 03 / 03 / 2020,1",
"Dal 23 giugno 2020 la squadra di LINK si è comportata in modo strano. Perché?,1",
"CADOCS, che community smells sono presenti qui LINK a 03 / 07 / 2022,1",
"Ciao, che odore c'è nel repository LINK a partire dal 05 / 06 / 2017?,1",
"Hi CADOCS strega community smells sono nella repository LINK Frm 05 / 06 / 2022,1",
"Hey CADOCS, puoi controllare se il repository di questo LINK ha communit smells, a partire da 01 / 05 / 2020 per favore?,1",
"CADOCS, puoi generare per me ein report della tua ultima esecuzione?,2",
"Potresti darmi un riassunto di quello che fai l'ultima volta?,2",
"Potresti fare il mio riassunto di quello che hai fatto ieri sera?,2",
"loro cadocs, mi dica circa la vostra ultima esecuzione.,2",
"Hi CADOCS, mostra I report dell'ultima esecuzione,2",
"Devo stuprare se la tua ultima esecuzione, per favore.",
"CADOS! Puoi darmi maggiori informazioni sul community smells che posso rilevare?,3",
"Wat sono questi community smells? Come ho scoperto di community smells? Cosa puoi fare per me?,3",
"Che cosa sono questi community smells? Come ho trovato di più sulla comunità smells? Cosa puoi fare per me?,3",
"Hi CADOCS, waht community smells siete in grado di rilevare?,3",
"che tipo di community smells può rilevare?,3",
"CADOCS che tipo di odore si può rilevare?,3",
"Hi CADOCS schow me che tipo di community si rileva,3",
"Potrebbe dirmi di più su community smells e su quelli che oyu può rilevare?,3",
"puoi dirmi di più su community smells e quali puoi rilevare?,3",
"Ciao CADOCS, puoi dirmi quali community smells sono presenti nel repository LINK per favore?,0",
"Ciao CADOCS, puoi dirmi quale comunità smells che sono presenti nel repository LINK per favore?,0",
"CADOCS può aiutarti a dire dove community smells sono presenti nel LINK?,0",
"CADOCS ccn si dice quale community smells che sono presenti nel LINK?,0",
"Vorrei sapere cosa sono tutti i trenta community smells in questo LINK,0",
"Vorrei che sapeste che cosa è il community smells in questo LINK,0",
"Che cosa sono i laghi community smells nel progetto LINK? "",0",
"mi dia che cosa il community sbava in LINK,0",
"CADOCS, può aiutarla a dire a m quali community smells sono presenti nel progetto LINK per favore?,0",
"CADOCS, puoi dirmi whitch community smells sono presenti nel progetto LINK per favore?,0",
"CADOCS, puoi dirmi [[wich community smells che sono presenti nel progetto LINK per favore?,0",
"Hey CADOCS potrebbe aiutarmi a dirmi quale comunità smells sono nel progetto LINK?,0",
"Hey CADOCS potrebbe dirmi quale community smells sono nel progetto tyhe LINK?,0",
"Heiio CASOCS, puoi dirmi che cosa sono i community smells nel progetto LINK?,0",
"CADOCS, mostrami il community smells presente in repository LINK,0",
"CADOCS, mostrami i piccoli community presenti in repository LINK,0",
"Mi piace capire perché i contributori di LINK don't funzionano bene,0",
"Mi piace che tu capisca perché i collaboratori di LINK don' t york bene,0",
"CAD mostra MY come il community smells in questo LINK pronti contro termine,0",
"CAD mostrami il community che si riduce in questo LINK pronti contro termine,0",
"CADOCS, che yhe community smells sono presenti qui LINK?,0",
"Spiegami cosa significa tutto il community smells in questo LINK pronti contro termine,0",
"Hi, quali sono tutti i community smells nel progetto LINK,0",
"Hey CADOCS, puoi dire a quale community smells che cura presente nel repository LINK per favore?,0",
"Hey CADOCS, come si può dire quali community smells sono presenti nel repository LINK per favore?,0",
"Hi, do en know what are the community smells like in LINK repo?,0",
"Hey CADOCS, che cosa sono tutti tho community smells nel repository LINK per favore?,0",
"Ciao CADOCS, puoi dirmi quali community smells sono presenti in d repository LINK per favore?,0",
"Ciao CADOCS, puoi dire [[wich community smells che sono presenti nel repository LINK per favore?,0",
"Ciao CADOCS, potresti controllare quali community sono presenti nel progetto LINK?,0",
"Hi CADOCS, potresti verificare quale community smells che sono presenti nel progetto LINK?,0",
"Hi CADOCS, coulkd si prega di controllare quali community smells sono presenti nel progetto LINK?,0",
"Come sono i community smells nel progetto LINK?,0",
"Ciao CADOCS, puoi dire quale community sono presenti nel repository LINK dopo 03 / 21 / 2019?,1",
"Ciao CADOCS, si può dire quali community odori sono presenti nel repository LINK dopo 03 / 21 / 2019?,1",
"CADOCS può indicarvi quali community smells sono presenti nel repository LINK dopo 01 / 16 / 2028?,1",
"CADOCS puoi dire quale community smells che sono presenti nel repository LINK ater 01 / 16 / 2028?,1",
"Vorrei sapere che cosa ha mangiato il community smells come in questo repo LINK a partire da questa data MM / DD / AAAA,1",
"Vorrei che sapeste che cosa ha mangiato il community smells in questo LINK repo che inizia questa data MM / DD / AAAA,1",
"CADOCS puoi helo controllare community smells in LINK a partire dal 18 / 04 / 2010?,1",
"dimmi cosa community smells in LINK da 0n,1",
"CADOCS! Potete dirmi quali community smells sono presenti I repo LINK dopo il 03 / 30 / 2021?,1",
"Puoi dirmi quale community smells che raro presente nel REV LINK dopo il 03 / 30 / 2021?,1",
"Hey CADOCS, puoi dire quale community smells che sono presenti nel repository LINK dopo 04 / 12 / 2016?,1",
"Hey CADOCS, come può YOY dire quale community smells sono presenti nel repository LINK dopo 04 / 12 / 2016?,1",
"CADOCS, puoi aiutarmi a dirmi quali community smells sono in questo repository LINK dopo il 05 / 01 / 2020?,1",
"CADOCS, puoi dirmi quali community smells sono presenti in questo repository LINK aftter 05 / 01 / 2020?,1",
"CADOCS, puoi dirmi quale community smells che sono presenti in questo repository LINK afeter 05 / 01 / 2020?,1",
"Ciao CADOCS, ci sono delle strisce community nel progetto LINK a partire dal 11 / 11 / 2011?,1",
"Scoprite tutti i community smells della presente relazione di pronti contro termine LINK dal 05 / 05 / 2021,1",
"Ciao, cosa sono tutti i smells ii questo repository LINK a partire dal 05 / 06 / 2017?,1",
"Ciao, ho bisogno di tutte le smeels community nel progetto LINK dopo 31/12 / 2000,1",
"Puoi dire quale community smells sono presenti nel repository LINK defore 03 / 23 / 2020?,1",
"Ciao, che cosa sono oll il community smells nella data del progetto LINK 12 / 12 / 20? Grazie in anticipo,1",
"CADOCS Ho bisogno di essere report nella tua ultima esecuzione, puoi per favore darmela?,2",
"CADOCS, gatto mi generi un report della tua ultima esecuzione?,2",
"Ciao, puoi mostrarmi le informazioni sulla tua ultima esecuzione, per favore?,2",
"Ciao, puoi mostrarmi tutte le informazioni sulla tua ultima esecuzione, per favore?,2",
"Vi prego di mostrarmi come report della vostra ultima esecuzione.,2",
"Gvie to me the report of your last execution,2",
"CADOCS, per favore mostrami le informazioni sulla tua esecuzione lst,2",
"CADOCS, mostrami tutte le informazioni sulla tua ultima esecuzione,2",
"CADOCS, Pls mostrami i risultati della tua ultima esecuzione,2",
"CADOCS, mostrami tutti i risultati dell'ultima esecuzione,2",
"CADOCS, mostrami i risultati della tua ultima esecuzione,2",
"Potresti fare per mo un riassunto di quello che hai fatto l'ultima volta?,2",
"Potresti fare un riassunto di quello che hai fatto l'ultima volta?,2",
"Potresti per favore farmi un riassunto di quello che hai papà l'ultima volta?,2",
"Ciao CADOCS, mostra di essere il report della tua ultima esecuzione,2",
"Hi CADOCS, mostrami il report o la tua ultima esecuzione,2",
"Dammi il repot dell'ultima esecuzione, 2",
"Hey CADOCS, report oon your last execution,2",
"Ciao, per favore mi mostra le informazioni sulla tua ultima esecuzione.,2",
"0Ho bisogno di un report se non la tua ultima esecuzione per favore,2",
"Hi CADOCS datemi ht report dell'ultima esecuzione,2",
"Hey CADOCS, ai need you a report of your last execution please,2",
"Salve, ho bisogno di un report del vostro ultimo compito in esecuzione. Grazie in anticipo,2",
"Ciao, ho bisogno di te un report della tua ultima esecuzione del compito. tenkes in anticipo,2",
"Potrebbe darmi un report sulla tua ultima esecuzione?,2",
"CADOCS i wanna tou know what kind of community smells you can detect?,3",
"Voglio saperne di più su come sono state rilevate le striature community3,3",
"Voglio che sappiate di più su entrambi i valori rilevati,3",
"Quale communit smells può aiutarti a rilevare?,3",
"Cosa si può fare?,3",
"CADOS! Potete darmi informazioni morw circa il community smells in modo che possiate rilevare?,3",
"CADOS! Puoi darmi maggiori informazioni su Thez community smells che solo tu puoi rilevare?,3",
"CADOS! Puoi darmi maggiori informazioni sulla comunita' smells che puoi rilevare?,3",
"Hey! Waht sono il community smells si può rilevare?,3",
"Hey CADOCS puoi aiutarmi a dirmi di più sulle strisce community che puoi rilevare?,3",
"Hey CADOCS cfn si prega di dirmi di più sul community smells si può rilevare?,3",
"CADOCS che tipo di community smells può aiutare i tuoi a rilevare?,3",
"Che cosa sono tutti questi community smells? Come ho trovato di più sulla communit smells? Cosa puoi fare per me?,3",
"Cosa sono questi community smells? Come ho trovato maggiori informazioni sull'odore di community? Cosa puoi fare per me?,3",
"Cosa sono questi community smells? Come faccio a saperne di più su community smells? Cosa puoi DON per me?,3",
"Che cosa sono questi community smells? e come ho trovato più abourt community smells? Cosa puoi fare per me?,3",
"CAD I.I.C.V. vuole ulteriori informazioni su community smells trovato,3",
"Che tipo di community smells può aiutare il tuo rilevamento?,3",
"Quale tipo di comunità smells può aiutarvi a rilevare?,3",
"Dimmi di più su community smells,3",
"Che tipo di odore riesci a rilevare?,3",
"hey CADOCS voglio saperne di più su communit smells,3",
"Che tipo di community smells può aiutarti a rilevare?,3",
"Voglio saperne di più su community smells, sembra interessante,3",
"hey CADOCS, puoi mostrarmi informazioni più dettagliate su community smells che puoi rilevare?,3",
"hey CADOCS, puoi mostrarmi alcune informazioni su community smells in modo da rilevare cav?,3",
"hey CADOCS, puoi mostrarmi alcune informazioni su community smells che solo tu puoi rilevare?,3",
"Potrebbe dirmi di più su community smells e su quali è possibile rilevare?,3",
"Potrebbe dirmi qualcosa di più sulla comunità smells e su quali si possono individuare?,3",
